<?xml version="1.0" encoding="UTF-8"?>
<project-private xmlns="http://www.netbeans.org/ns/project-private/1">
    <editor-bookmarks xmlns="http://www.netbeans.org/ns/editor-bookmarks/2" lastBookmarkId="0"/>
    <open-files xmlns="http://www.netbeans.org/ns/projectui-open-files/2">
        <group>
            <file>file:/C:/Users/Dell%207450/Desktop/186002471/src/pkg18600247/PizzaBo.java</file>
            <file>file:/C:/Users/Dell%207450/Desktop/186002471/src/pkg18600247/PizzaHaiSan.java</file>
            <file>file:/C:/Users/Dell%207450/Desktop/186002471/src/pkg18600247/KhachHang.java</file>
            <file>file:/C:/Users/Dell%207450/Desktop/186002471/src/pkg18600247/PizzaGa.java</file>
            <file>file:/C:/Users/Dell%207450/Desktop/186002471/src/pkg18600247/PizzaHeo.java</file>
            <file>file:/C:/Users/Dell%207450/Desktop/186002471/src/pkg18600247/Main.java</file>
            <file>file:/C:/Users/Dell%207450/Desktop/186002471/src/pkg18600247/Pizza.java</file>
            <file>file:/C:/Users/Dell%207450/Desktop/186002471/src/pkg18600247/PizzaChay.java</file>
        </group>
    </open-files>
</project-private>
